path,sha256
FL_01/V3_raw_export_20260920_162508/game_environment.json,8F9009D308B520995F32DE130D737D60E0CE595FA8D8DFA4ADCEC02910A0D2C2
FL_01/V3_raw_export_20260920_162508/manifest.json,5561F8928779C5C0B62C34C9D9FC8AA52E8212F003E21B7C53E69C9DB48DAB12
FL_01/V3_raw_export_20260920_162508/raw_data/budget_slots_raw.csv,298CB523C18A456D2389B212D4E99678A2D2E0B937A9C8F6180AB444B5DF9178
FL_01/V3_raw_export_20260920_162508/raw_data/building_records_raw.csv,7AC6967A037D894A0E8D98DAEBF93C06A49AD06933ADA559C38A91A8D5EEF76C
FL_01/V3_raw_export_20260920_162508/raw_data/construction_queue_raw.csv,B610024A947BD0E3A2CB15D74D7097D70B56BB340DF112ED576C5823C1269966
FL_01/V3_raw_export_20260920_162508/raw_data/country_scalar_fields_raw.csv,6B7F51F26E17CEFFF0101B7DE0CB8A90F2F5C02B70AF0404A778B90A6707BE71
FL_01/V3_raw_export_20260920_162508/raw_data/country_trend_values_raw.csv,0E43F811DDAF3E67DFCF58FA31838A9227FC0A374C5FD8519B48CFF1FD3DB155
FL_01/V3_raw_export_20260920_162508/raw_data/game_definition_files_raw.csv,2B58499A73BF9609B908418FBABE2DA691C236F4477462B7D32213B35A98A8B2
FL_01/V3_raw_export_20260920_162508/raw_data/game_definition_keys_raw.csv,769411533CEFB25244CFC9A787A2351449B732B48D5D23D4B50DD8224FF4CE01
FL_01/V3_raw_export_20260920_162508/raw_data/institutions_raw.csv,0D35860813C0181C35F767CAFF29F4DACC025CC4701FBD8B82FBA0CE2076D6A7
FL_01/V3_raw_export_20260920_162508/raw_data/laws_raw.csv,712D05F05903E21CCD426096BD0ECEB41464CAFB3ED36258981DF19E532A1D30
FL_01/V3_raw_export_20260920_162508/raw_data/pop_records_raw.csv,57AFD8543909C7CB034BC87283FF0154AD6560B4B9367B62BD41AA1FDC0ADF71
FL_01/V3_raw_export_20260920_162508/raw_data/save_metadata_raw.csv,44F0C6BAA5A5C01AFC9B77EABA8DFE063FC2008ABA381BFBA8A516E619B74C60
FL_01/V3_raw_export_20260920_162508/raw_data/state_pop_statistics_raw.csv,F67CC685CDD317073432FDE915A31B8E2339F1D9459883E944BCEC33F01F974B
FL_01/V3_raw_export_20260920_162508/raw_data/state_records_raw.csv,908293C368CBB790059AF7D52D8BE2BB30AD8ACCE0A664F1B58F9590917FC5AD
SL_01/V3_raw_export_20260920_150733/game_environment.json,8F9009D308B520995F32DE130D737D60E0CE595FA8D8DFA4ADCEC02910A0D2C2
SL_01/V3_raw_export_20260920_150733/manifest.json,330A4C3DFCAFD9C129745E7A79931C2F9CE3E5C7A7EC66C94EF764FAE17536C9
SL_01/V3_raw_export_20260920_150733/raw_data/budget_slots_raw.csv,4C884583489142A03C0BB3B47E67CDC2A8633553A00FF77FC4E4EAE359591920
SL_01/V3_raw_export_20260920_150733/raw_data/building_records_raw.csv,5F60F3EF63428A3328DCD7CB2A894E606C4339C040CB49CC402D5316BEE085B2
SL_01/V3_raw_export_20260920_150733/raw_data/construction_queue_raw.csv,5CF7769A680FC32F96D55985EB7B7F4CF7EAD474C454A46FE20FB85434CFBABE
SL_01/V3_raw_export_20260920_150733/raw_data/country_scalar_fields_raw.csv,63ACE425DF5E5FF9140CE6B8A0C4BDEE0440D91CC4C10CC19B8A027AAEBA444C
SL_01/V3_raw_export_20260920_150733/raw_data/country_trend_values_raw.csv,48CA979BC269510DAC109819FD788EAB040614D78A1F7AE2218A3DAF8AA56F02
SL_01/V3_raw_export_20260920_150733/raw_data/game_definition_files_raw.csv,2B58499A73BF9609B908418FBABE2DA691C236F4477462B7D32213B35A98A8B2
SL_01/V3_raw_export_20260920_150733/raw_data/game_definition_keys_raw.csv,769411533CEFB25244CFC9A787A2351449B732B48D5D23D4B50DD8224FF4CE01
SL_01/V3_raw_export_20260920_150733/raw_data/institutions_raw.csv,CE234B7D65912071917B5B8946C1FD5D8F712FD7F3579FF7905D15F52FE15F57
SL_01/V3_raw_export_20260920_150733/raw_data/laws_raw.csv,78D1250DAB20E0317A662DA105DB02A98B6C4DC353870A5DCA517E6163C0D89F
SL_01/V3_raw_export_20260920_150733/raw_data/pop_records_raw.csv,576EBE422D7344CBDA4CE269E1A98617DED80BB8D32E7133C8B9D15A0B589E07
SL_01/V3_raw_export_20260920_150733/raw_data/save_metadata_raw.csv,48B8D01D5E5057C298501AEA259D4C0521063312B7298B739AB9FF84BE8CA3A3
SL_01/V3_raw_export_20260920_150733/raw_data/state_pop_statistics_raw.csv,EB9AAC2671C557CA48FA66776F2B696E54FA5D31A9DB30079DB173B2675E2C14
SL_01/V3_raw_export_20260920_150733/raw_data/state_records_raw.csv,47D119E19ECFDEB45D03BF7DA47C7C90A0277B7C49F8136EC79910D7C2E83CA1
SL_01/V3_raw_export_20260920_151919/game_environment.json,8F9009D308B520995F32DE130D737D60E0CE595FA8D8DFA4ADCEC02910A0D2C2
SL_01/V3_raw_export_20260920_151919/manifest.json,634A00959E475586DD9FFED36AC559BE56155442E4409E58B996409FB5B3959F
SL_01/V3_raw_export_20260920_152338/game_environment.json,8F9009D308B520995F32DE130D737D60E0CE595FA8D8DFA4ADCEC02910A0D2C2
SL_01/V3_raw_export_20260920_152338/manifest.json,4413E4A641B3B9A504C677AA3C150117A0DCC3A8CAE59A997EB4F4EFD3FE1250
SL_01/V3_raw_export_20260920_152338/raw_data/budget_slots_raw.csv,CD63566437B1EE7DE973FEBD97CA9F99E30BBBF46C378F976939C8DF7230D54F
SL_01/V3_raw_export_20260920_152338/raw_data/building_records_raw.csv,E823F653507D804C626A75DCB6AD12F14C7F419D1684706385C1EE575ABE61B2
SL_01/V3_raw_export_20260920_152338/raw_data/construction_queue_raw.csv,CCD5AEEE2848E51545116626E54CADD81E1313BA118A9D8C1C763625EBFFF0D2
SL_01/V3_raw_export_20260920_152338/raw_data/country_scalar_fields_raw.csv,56B142095409080621AB9D290BC72B838CE02323DE115461F1CCFF0F971AC224
SL_01/V3_raw_export_20260920_152338/raw_data/country_trend_values_raw.csv,15E5A61D41F163388A8CE1AF3D39335A93919FDFBF10D3936E334881213C8D50
SL_01/V3_raw_export_20260920_152338/raw_data/game_definition_files_raw.csv,2B58499A73BF9609B908418FBABE2DA691C236F4477462B7D32213B35A98A8B2
SL_01/V3_raw_export_20260920_152338/raw_data/game_definition_keys_raw.csv,769411533CEFB25244CFC9A787A2351449B732B48D5D23D4B50DD8224FF4CE01
SL_01/V3_raw_export_20260920_152338/raw_data/institutions_raw.csv,E751A013A3AC7811FCBF570F5CEE154EC0CD56F9782B093E6DF055E6827AD88A
SL_01/V3_raw_export_20260920_152338/raw_data/laws_raw.csv,0DC54F857368D4A1DDD1393D6FC1766AAD614EC642AD1975502CCA7E08FD1BF6
SL_01/V3_raw_export_20260920_152338/raw_data/pop_records_raw.csv,B42208BB2C5E07C459929C5460630B0EE9698EF0F9DB2906530884FD8F282172
SL_01/V3_raw_export_20260920_152338/raw_data/save_metadata_raw.csv,39E5C6AFF0F97BBF32B624A4DACA58E97CF73E19CF75E2EA1F8438A34CBE7E53
SL_01/V3_raw_export_20260920_152338/raw_data/state_pop_statistics_raw.csv,E1A16B3D6CF7664FABEBA503A75E5A83B634A5EDFC8EA6A84E187CDBD323729E
SL_01/V3_raw_export_20260920_152338/raw_data/state_records_raw.csv,927147B221A18868A18380EA4D1E24C7984499DB2E4A07E671C041BF9F1BBB93
SL_01/V3_raw_export_20260920_152644/game_environment.json,8F9009D308B520995F32DE130D737D60E0CE595FA8D8DFA4ADCEC02910A0D2C2
SL_01/V3_raw_export_20260920_152644/manifest.json,7FD693F49822F928C3A3314B1A778ABE3FFD9641AA602E77E01174A4032F3719
SL_01/V3_raw_export_20260920_152644/raw_data/budget_slots_raw.csv,F982A7EB97188C9AF9F204FEC7F706FB72BE5BB04C6EA8CE738C0BC949075B24
SL_01/V3_raw_export_20260920_152644/raw_data/building_records_raw.csv,10375F769893D5346036A85E7A7EE3488ABCC45B67CFAB27CB23A615CC843257
SL_01/V3_raw_export_20260920_152644/raw_data/construction_queue_raw.csv,73588F977A9EBD4BD210490193107AB18DE8C133169DC1E05D6F1C3EAE257012
SL_01/V3_raw_export_20260920_152644/raw_data/country_scalar_fields_raw.csv,F26AA2D0BC84201DA96F946B6A5DEC06E575EF9F2FB849702C66E26655DC6079
SL_01/V3_raw_export_20260920_152644/raw_data/country_trend_values_raw.csv,1BAA99112C6CDD09A56C37FA9A4A76B1880F3B7A07B98D2B5D8D95D0CB3306A3
SL_01/V3_raw_export_20260920_152644/raw_data/game_definition_files_raw.csv,2B58499A73BF9609B908418FBABE2DA691C236F4477462B7D32213B35A98A8B2
SL_01/V3_raw_export_20260920_152644/raw_data/game_definition_keys_raw.csv,769411533CEFB25244CFC9A787A2351449B732B48D5D23D4B50DD8224FF4CE01
SL_01/V3_raw_export_20260920_152644/raw_data/institutions_raw.csv,042DFBAB2B38C88393B47940F77DF3F17384E1AECA1693256050F18B88D6BE02
SL_01/V3_raw_export_20260920_152644/raw_data/laws_raw.csv,DF0D6D557BCFC4368118A6080096B000DF565D76785840AB8FA35E78C34D4D7D
SL_01/V3_raw_export_20260920_152644/raw_data/pop_records_raw.csv,8B82F9AC204CBC92C533ECDB9A66CC340857F1970F3BE89297FC1C9E76B494A5
SL_01/V3_raw_export_20260920_152644/raw_data/save_metadata_raw.csv,657DFD8F1D07C64E1EC6475F8FF10159DFB8B3020F7164B8A83A297DED10D1B5
SL_01/V3_raw_export_20260920_152644/raw_data/state_pop_statistics_raw.csv,AB4BB17ABACF0061A89B73FA5BA813E0881CB6024F96ECBE57CEB8557666287F
SL_01/V3_raw_export_20260920_152644/raw_data/state_records_raw.csv,25C143ECC6A39ACC8E67AA56E4A8F63168ADCE5C7DA64B520AF1CFE12012365B
SL_01/V3_raw_export_20260920_153358/game_environment.json,8F9009D308B520995F32DE130D737D60E0CE595FA8D8DFA4ADCEC02910A0D2C2
SL_01/V3_raw_export_20260920_153358/manifest.json,A447E06BD91BDCCBF6B5A7DB9D0865F4E7C601FE47D5938DB20E19A16FC0061D
SL_01/V3_raw_export_20260920_153358/raw_data/budget_slots_raw.csv,59BC911F13A55B96E0E07DC778602958D5A6B9259177E1DE23D4DE8C8A7E781A
SL_01/V3_raw_export_20260920_153358/raw_data/building_records_raw.csv,054F71D1C466CEEDD737BB6561A60029CE910EF903E18B29AEB124DBBB32E514
SL_01/V3_raw_export_20260920_153358/raw_data/construction_queue_raw.csv,F4F0C4894D5D06218E66BA98DA2084D57566A4755A785765B2459875B90E9D9D
SL_01/V3_raw_export_20260920_153358/raw_data/country_scalar_fields_raw.csv,D433FB35EFF4D2C06DD8CA255206F4172CD06CAFC844F4DC86F519CB446D2C31
SL_01/V3_raw_export_20260920_153358/raw_data/country_trend_values_raw.csv,599A681F05EA7F24D6691E647CE1FFE497B041F77028C5239C1AA423C2B25438
SL_01/V3_raw_export_20260920_153358/raw_data/game_definition_files_raw.csv,2B58499A73BF9609B908418FBABE2DA691C236F4477462B7D32213B35A98A8B2
SL_01/V3_raw_export_20260920_153358/raw_data/game_definition_keys_raw.csv,769411533CEFB25244CFC9A787A2351449B732B48D5D23D4B50DD8224FF4CE01
SL_01/V3_raw_export_20260920_153358/raw_data/institutions_raw.csv,6677DEDD489F031C7C098D4824AB66820EEA22E18F8F091EF6A6928260F02A68
SL_01/V3_raw_export_20260920_153358/raw_data/laws_raw.csv,8761013DB80EDD5EB9F00CAEEE376C022EBA8E4C075E62D8001D0FFBE8B72561
SL_01/V3_raw_export_20260920_153358/raw_data/pop_records_raw.csv,493B126D4D44043153B2B38D12674D0A6FC86DD8F7DD80708A47F832593FC6A9
SL_01/V3_raw_export_20260920_153358/raw_data/save_metadata_raw.csv,F3F3896D26F236F24767762A96EF9231BC41864BB876BD2E2BD503486524F832
SL_01/V3_raw_export_20260920_153358/raw_data/state_pop_statistics_raw.csv,253295F6C3ADBD64A57502E6C76A5E6E51AF7B8C3EA73B7A03524EDE2E71F28C
SL_01/V3_raw_export_20260920_153358/raw_data/state_records_raw.csv,ACAF1303FC0E13C52891BD8A6C4E5AB26846EE2A3E5CC64A2E6118FD9ABC5036
SL_01/V3_raw_export_20260920_153609/game_environment.json,8F9009D308B520995F32DE130D737D60E0CE595FA8D8DFA4ADCEC02910A0D2C2
SL_01/V3_raw_export_20260920_153609/manifest.json,BD3939B84E19B87A65827CEA87DCFE94325737AA73B9FC14CA69DD10FA045742
SL_01/V3_raw_export_20260920_153609/raw_data/budget_slots_raw.csv,BEB4615CF765AD8BCC05708E5564936B8A3BFD326479B5A6927C1C5D4657635D
SL_01/V3_raw_export_20260920_153609/raw_data/building_records_raw.csv,0C7596A66AFB12328D5EE0EFE6BBC17ADA455531BA61F84765825A45407D046C
SL_01/V3_raw_export_20260920_153609/raw_data/construction_queue_raw.csv,A5AAB2EA95F42CDD80726495ED5A6647A7C64F5ED2B3CB24CE1425FC3085575D
SL_01/V3_raw_export_20260920_153609/raw_data/country_scalar_fields_raw.csv,971C53CA888CAD8FA491F3D284B18D0DEEA6281BCA8C9518F1F1B32803015FFE
SL_01/V3_raw_export_20260920_153609/raw_data/country_trend_values_raw.csv,BD97EDD6AC7C0A81290CFC17D3FA13BC7617138CE114A7FA2D02F841887B644E
SL_01/V3_raw_export_20260920_153609/raw_data/game_definition_files_raw.csv,2B58499A73BF9609B908418FBABE2DA691C236F4477462B7D32213B35A98A8B2
SL_01/V3_raw_export_20260920_153609/raw_data/game_definition_keys_raw.csv,769411533CEFB25244CFC9A787A2351449B732B48D5D23D4B50DD8224FF4CE01
SL_01/V3_raw_export_20260920_153609/raw_data/institutions_raw.csv,F7C8A8AE0C5A31006DB647BC87EEA84A3CBB86D3B0A5457F27EA2824784AC819
SL_01/V3_raw_export_20260920_153609/raw_data/laws_raw.csv,433F30759C76AEB0E7ED37DB868A9C0E160485A96FC8EF4E0A7429D6068F1918
SL_01/V3_raw_export_20260920_153609/raw_data/pop_records_raw.csv,37565207A86A7211F076C0093572291A0EBAE511D68C5E116F4CEB74FA183B84
SL_01/V3_raw_export_20260920_153609/raw_data/save_metadata_raw.csv,7918ED706E2F93365E00444E76420DBFE3F86A8E0A838C12697D985A26491C9B
SL_01/V3_raw_export_20260920_153609/raw_data/state_pop_statistics_raw.csv,CBC272FC6BDB7BB4D28AFE99BAADC1B17268EE70A350CF9981B7A6BFB060446C
SL_01/V3_raw_export_20260920_153609/raw_data/state_records_raw.csv,BBEA7EF54BF2AD7F376CC0EF638585CEC1DD9673BD369F86F19D049392086929
SL_01/V3_raw_export_20260920_154417/game_environment.json,8F9009D308B520995F32DE130D737D60E0CE595FA8D8DFA4ADCEC02910A0D2C2
SL_01/V3_raw_export_20260920_154417/manifest.json,7719A917ED4AB90A321F4CB3217C2FA2A8B145B446A0F34A5909505CC210208C
SL_01/V3_raw_export_20260920_154417/raw_data/budget_slots_raw.csv,A92A7F8C8A579CF1CF0E74A58C53159F903FE2F19A60905361AEA297F7D3D306
SL_01/V3_raw_export_20260920_154417/raw_data/building_records_raw.csv,0E5CE36C32549E14E2B681561127D501DBE85F87A3F2B0B9CE0CCEABF7935DEE
SL_01/V3_raw_export_20260920_154417/raw_data/construction_queue_raw.csv,EB23754EE095215D06C549490CE9E0220D07AA5ABF0BDB30A4BD13BE84E5FDFE
SL_01/V3_raw_export_20260920_154417/raw_data/country_scalar_fields_raw.csv,293FFBB4A8B13D1D3583FC37C95467F0B6C0910C8B74585B30F4129467C8B18C
SL_01/V3_raw_export_20260920_154417/raw_data/country_trend_values_raw.csv,0915951B000CA8D90B2F7DDB6297E2FB30DE1497945FD387887CBC0B0AA04B2F
SL_01/V3_raw_export_20260920_154417/raw_data/game_definition_files_raw.csv,2B58499A73BF9609B908418FBABE2DA691C236F4477462B7D32213B35A98A8B2
SL_01/V3_raw_export_20260920_154417/raw_data/game_definition_keys_raw.csv,769411533CEFB25244CFC9A787A2351449B732B48D5D23D4B50DD8224FF4CE01
SL_01/V3_raw_export_20260920_154417/raw_data/institutions_raw.csv,D8CF19049BE2648DFAF9B62CD4622E94E29B8261CC5DFE04D8B1F1A0FBE9F1A6
SL_01/V3_raw_export_20260920_154417/raw_data/laws_raw.csv,C1B1F8A0AE90E00F6027B744BF1E683CD000BED78637AA25A7FCC576D7256C69
SL_01/V3_raw_export_20260920_154417/raw_data/pop_records_raw.csv,FFA7FC83D4FBDE1C8693615501D22446EC195DCDCBF1F6A23AEF9F7E9044117B
SL_01/V3_raw_export_20260920_154417/raw_data/save_metadata_raw.csv,7352D0A897AC68A3850631D7D3D2FFE82F2620F7823FB4E7F6C1E2399AB2D9C0
SL_01/V3_raw_export_20260920_154417/raw_data/state_pop_statistics_raw.csv,A6C2B09D2C602C19577250CACFDCDA40E6C87040B18CBEC1263B653F1536B730
SL_01/V3_raw_export_20260920_154417/raw_data/state_records_raw.csv,A1A655F51A53A445C8B1D5BC40E8B625565859E45A1E8512E9298C6CE02F0736
SL_01/V3_raw_export_20260920_154838/game_environment.json,8F9009D308B520995F32DE130D737D60E0CE595FA8D8DFA4ADCEC02910A0D2C2
SL_01/V3_raw_export_20260920_154838/manifest.json,711BC0BD69441EF5FE35C6E89AEBA2B406BB0FEF6588AFD50492D21026BECAA4
SL_01/V3_raw_export_20260920_154838/raw_data/budget_slots_raw.csv,96CD88C6346BBF5B9509046BD37CC3EBA294A6F891B52F9626B528BDA4124921
SL_01/V3_raw_export_20260920_154838/raw_data/building_records_raw.csv,7A330C19B135AF3EA652E1AFFFAF43DDB1551520BC7004C3E498FB5656B50E32
SL_01/V3_raw_export_20260920_154838/raw_data/construction_queue_raw.csv,73F33CA8B36AB59955090663E0C97E101938BE304F73E9D66B2547A417328739
SL_01/V3_raw_export_20260920_154838/raw_data/country_scalar_fields_raw.csv,522209C43F72C7FC4275D75F795115A3A61C839E09D91C898A6AA4680DCD72EA
SL_01/V3_raw_export_20260920_154838/raw_data/country_trend_values_raw.csv,5F592E2F3BECC5E8870362D034F98B75769232AA1DEC275CED01CB31823DCEC3
SL_01/V3_raw_export_20260920_154838/raw_data/game_definition_files_raw.csv,2B58499A73BF9609B908418FBABE2DA691C236F4477462B7D32213B35A98A8B2
SL_01/V3_raw_export_20260920_154838/raw_data/game_definition_keys_raw.csv,769411533CEFB25244CFC9A787A2351449B732B48D5D23D4B50DD8224FF4CE01
SL_01/V3_raw_export_20260920_154838/raw_data/institutions_raw.csv,FFFF232126F9637280C155327B3E2558BD0FBBD39A44015DD3F87EBD795C0845
SL_01/V3_raw_export_20260920_154838/raw_data/laws_raw.csv,BFD4D070C569876205C91BDD3F11563CC2C973B4241128753E36FDBD9C7169F0
SL_01/V3_raw_export_20260920_154838/raw_data/pop_records_raw.csv,41244B16B64DBC4F1E85BB42B28C754D5C550F6119AAC1A6E8FCAC212EF32B7B
SL_01/V3_raw_export_20260920_154838/raw_data/save_metadata_raw.csv,B171A84D337CA5D3DCDE688A9A8D54356BE84D271A2551C8C683A1A6BCF5A067
SL_01/V3_raw_export_20260920_154838/raw_data/state_pop_statistics_raw.csv,F82811F37FFEBC69D03EB95B2B03A85D2062AB82A51499D7802A0BF1C9E640BE
SL_01/V3_raw_export_20260920_154838/raw_data/state_records_raw.csv,9861FFD452A13A82CC505C4966152372D76DDCC3F5357FA25EA26E8B525F53BE
SL_01/V3_raw_export_20260920_155538/game_environment.json,8F9009D308B520995F32DE130D737D60E0CE595FA8D8DFA4ADCEC02910A0D2C2
SL_01/V3_raw_export_20260920_155538/manifest.json,FE9060DE000D2C90ABB0E2E6E463FB18FB335F46FD8EF081D5892CEF92B7A80D
SL_01/V3_raw_export_20260920_155538/raw_data/budget_slots_raw.csv,328BBE9D37023915CE8FD09DE5DD321D42E5B357D6A76CFB9270521EB38A2527
SL_01/V3_raw_export_20260920_155538/raw_data/building_records_raw.csv,CFDFD7F44912D103D1BB6D8A6F906731FCAB6CA65AEB4F7736B8D9C16E72B077
SL_01/V3_raw_export_20260920_155538/raw_data/construction_queue_raw.csv,E171CADD58EA841093BCB8975CC93A96657BC454115D3338744BDF76D1E3B5A1
SL_01/V3_raw_export_20260920_155538/raw_data/country_scalar_fields_raw.csv,53DE8CDA4F6318EF2CDFADD0D72140EDD190291491D5A96530B31ADB398F8B36
SL_01/V3_raw_export_20260920_155538/raw_data/country_trend_values_raw.csv,2B676304F09C2F09B901A0CF551962D64D4258F272A52CE0C430C558A99F1F21
SL_01/V3_raw_export_20260920_155538/raw_data/game_definition_files_raw.csv,2B58499A73BF9609B908418FBABE2DA691C236F4477462B7D32213B35A98A8B2
SL_01/V3_raw_export_20260920_155538/raw_data/game_definition_keys_raw.csv,769411533CEFB25244CFC9A787A2351449B732B48D5D23D4B50DD8224FF4CE01
SL_01/V3_raw_export_20260920_155538/raw_data/institutions_raw.csv,2EC438CD5A7BA8EFB574F4FA1DF038AD11597D73C543304A64F84EBE2D735AB7
SL_01/V3_raw_export_20260920_155538/raw_data/laws_raw.csv,6FBA20EC20D0F7E242E72F08099ED5AC64F9BE32E26C734E729ACA9EE10C8545
SL_01/V3_raw_export_20260920_155538/raw_data/pop_records_raw.csv,88B45153E435174F37DD57B9270BAC2A109F913378AFA7C569AA7263EED018DF
SL_01/V3_raw_export_20260920_155538/raw_data/save_metadata_raw.csv,944EDF7A1F26F3196F613A5850C1ECD8B28803F9AB12AF5E1EE1FDCE4D5E86D4
SL_01/V3_raw_export_20260920_155538/raw_data/state_pop_statistics_raw.csv,B5148A245B711662BBE74CBF2BD3859D692B251F0A26476BB6DAC1AE08324472
SL_01/V3_raw_export_20260920_155538/raw_data/state_records_raw.csv,EB133730E1C605FE37409D05607025BFCA1E897A8DAED147B47CA738C4CFCF81
